time,depth,variable,mean_value,depth_category
2025-09-16,0.5057600140571594,chl,0.2837924659252167,Surface
2025-09-16,1.5558552742004395,chl,0.2834835648536682,Surface
2025-09-16,2.6676816940307617,chl,0.2828681468963623,Surface
2025-09-16,3.8562798500061035,chl,0.2824147641658783,Surface
2025-09-16,5.140361309051514,chl,0.28227075934410095,Surface
2025-09-16,6.543033599853516,chl,0.2826119661331177,Surface
2025-09-16,8.09251880645752,chl,0.28380247950553894,Surface
2025-09-16,9.822750091552734,chl,0.2864932715892792,Surface
2025-09-16,11.773679733276367,chl,0.2894088923931122,Shallow
2025-09-16,13.99103832244873,chl,0.2840016782283783,Shallow
2025-09-16,16.52532196044922,chl,0.28424257040023804,Shallow
2025-09-16,19.42980194091797,chl,0.28404271602630615,Shallow
2025-09-16,22.75761604309082,chl,0.28346550464630127,Shallow
2025-09-16,26.558300018310547,chl,0.2823859751224518,Shallow
2025-09-16,30.874561309814453,chl,0.28003135323524475,Shallow
2025-09-16,35.740203857421875,chl,0.2747117280960083,Shallow
2025-09-16,41.180023193359375,chl,0.26636695861816406,Shallow
2025-09-16,47.21189498901367,chl,0.25750932097435,Shallow
2025-09-16,53.85063552856445,chl,0.24873200058937073,Upper Ocean
2025-09-16,61.11283874511719,chl,0.2396908402442932,Upper Ocean
2025-09-16,69.02168273925781,chl,0.22948844730854034,Upper Ocean
2025-09-16,77.61116027832031,chl,0.21664954721927643,Upper Ocean
2025-09-16,86.92942810058594,chl,0.20155900716781616,Upper Ocean
2025-09-16,97.04131317138672,chl,0.18590129911899567,Upper Ocean
2025-09-16,108.03028106689453,chl,0.17026066780090332,Upper Ocean
2025-09-16,120.0,chl,0.15165214240550995,Upper Ocean
2025-09-16,133.07582092285156,chl,0.1298765242099762,Upper Ocean
2025-09-16,147.40625,chl,0.10603630542755127,Upper Ocean
2025-09-16,163.16445922851562,chl,0.08178505301475525,Upper Ocean
2025-09-16,180.5499267578125,chl,0.060147203505039215,Upper Ocean
2025-09-16,199.7899627685547,chl,0.04429677501320839,Upper Ocean
2025-09-16,221.14117431640625,chl,0.033534035086631775,Intermediate
2025-09-16,244.890625,chl,0.026034502312541008,Intermediate
2025-09-16,271.35638427734375,chl,0.020527275279164314,Intermediate
2025-09-16,300.88751220703125,chl,0.016369102522730827,Intermediate
2025-09-16,333.8628234863281,chl,0.013457405380904675,Intermediate
2025-09-16,370.6884765625,chl,0.011338489130139351,Intermediate
2025-09-16,411.7938537597656,chl,0.009661144576966763,Intermediate
2025-09-16,457.6256103515625,chl,0.008250320330262184,Intermediate
2025-09-16,508.639892578125,chl,0.00713220564648509,Intermediate
2025-09-16,565.2922973632812,chl,0.006352349184453487,Intermediate
2025-09-16,628.0260009765625,chl,0.00574725866317749,Intermediate
2025-09-16,697.2586669921875,chl,0.005234002601355314,Intermediate
2025-09-16,773.3682861328125,chl,0.004802127368748188,Intermediate
2025-09-16,856.678955078125,chl,0.004473517183214426,Intermediate
2025-09-16,947.4478759765625,chl,0.004253300838172436,Intermediate
2025-09-16,1045.854248046875,chl,0.004077858291566372,Deep Ocean
2025-09-16,1151.9912109375,chl,0.00393027625977993,Deep Ocean
2025-09-16,1265.8614501953125,chl,0.003813492599874735,Deep Ocean
2025-09-16,1387.376953125,chl,0.0037246872670948505,Deep Ocean
2025-09-16,1516.3636474609375,chl,0.003657338907942176,Deep Ocean
2025-09-16,1652.5684814453125,chl,0.003606371581554413,Deep Ocean
2025-09-16,1795.6707763671875,chl,0.0035667482297867537,Deep Ocean
2025-09-16,1945.2955322265625,chl,0.003536365693435073,Deep Ocean
2025-09-16,2101.026611328125,chl,0.0035122716799378395,Deep Ocean
2025-09-16,2262.421630859375,chl,0.003493469674140215,Deep Ocean
2025-09-16,2429.025146484375,chl,0.003477793186903,Deep Ocean
2025-09-16,2600.38037109375,chl,0.0034637560602277517,Deep Ocean
2025-09-16,2776.039306640625,chl,0.0034509536344558,Deep Ocean
2025-09-16,2955.5703125,chl,0.003438768908381462,Deep Ocean
2025-09-16,3138.56494140625,chl,0.00342929526232183,Deep Ocean
2025-09-16,3324.640869140625,chl,0.003427696879953146,Deep Ocean
2025-09-16,3513.445556640625,chl,0.003427936928346753,Deep Ocean
2025-09-16,3704.65673828125,chl,0.003432605415582657,Deep Ocean
2025-09-16,3897.98193359375,chl,0.003444257890805602,Deep Ocean
2025-09-16,4093.15869140625,chl,0.0034399821888655424,Abyssal
2025-09-16,4289.95263671875,chl,0.0034188551362603903,Abyssal
2025-09-16,4488.15478515625,chl,0.0033774543553590775,Abyssal
2025-09-16,4687.5810546875,chl,0.00333993136882782,Abyssal
2025-09-16,4888.06982421875,chl,0.0032637473195791245,Abyssal
2025-09-16,5089.478515625,chl,0.0031116348691284657,Abyssal
2025-09-16,5291.68310546875,chl,0.0029504760168492794,Abyssal
2025-09-16,5494.5751953125,chl,0.002768416190519929,Abyssal
2025-09-16,5698.060546875,chl,0.002723939251154661,Abyssal
2025-09-16,0.5057600140571594,fe,0.0004954790929332376,Surface
2025-09-16,1.5558552742004395,fe,0.0004924883833155036,Surface
2025-09-16,2.6676816940307617,fe,0.0004899012274108827,Surface
2025-09-16,3.8562798500061035,fe,0.00048682463238947093,Surface
2025-09-16,5.140361309051514,fe,0.000483488489408046,Surface
2025-09-16,6.543033599853516,fe,0.0004797771980520338,Surface
2025-09-16,8.09251880645752,fe,0.0004756324924528599,Surface
2025-09-16,9.822750091552734,fe,0.0004713482048828155,Surface
2025-09-16,11.773679733276367,fe,0.0004668912442866713,Shallow
2025-09-16,13.99103832244873,fe,0.00040996813913807273,Shallow
2025-09-16,16.52532196044922,fe,0.0003941140603274107,Shallow
2025-09-16,19.42980194091797,fe,0.00038116081850603223,Shallow
2025-09-16,22.75761604309082,fe,0.00036847457522526383,Shallow
2025-09-16,26.558300018310547,fe,0.000357465265551582,Shallow
2025-09-16,30.874561309814453,fe,0.00034975085873156786,Shallow
2025-09-16,35.740203857421875,fe,0.0003409608907531947,Shallow
2025-09-16,41.180023193359375,fe,0.00032911254675127566,Shallow
2025-09-16,47.21189498901367,fe,0.00031798938289284706,Shallow
2025-09-16,53.85063552856445,fe,0.00030544513720087707,Upper Ocean
2025-09-16,61.11283874511719,fe,0.00029775069560855627,Upper Ocean
2025-09-16,69.02168273925781,fe,0.0002986948820762336,Upper Ocean
2025-09-16,77.61116027832031,fe,0.00030564525513909757,Upper Ocean
2025-09-16,86.92942810058594,fe,0.00031756528187543154,Upper Ocean
2025-09-16,97.04131317138672,fe,0.0003340911353006959,Upper Ocean
2025-09-16,108.03028106689453,fe,0.0003484410117380321,Upper Ocean
2025-09-16,120.0,fe,0.00037114674341864884,Upper Ocean
2025-09-16,133.07582092285156,fe,0.0003979502071160823,Upper Ocean
2025-09-16,147.40625,fe,0.00042705729720182717,Upper Ocean
2025-09-16,163.16445922851562,fe,0.0004560233501251787,Upper Ocean
2025-09-16,180.5499267578125,fe,0.0004856668529100716,Upper Ocean
2025-09-16,199.7899627685547,fe,0.0005094434600323439,Upper Ocean
2025-09-16,221.14117431640625,fe,0.000528695760294795,Intermediate
2025-09-16,244.890625,fe,0.0005485998699441552,Intermediate
2025-09-16,271.35638427734375,fe,0.000564896734431386,Intermediate
2025-09-16,300.88751220703125,fe,0.0005791716394014657,Intermediate
2025-09-16,333.8628234863281,fe,0.0005908380262553692,Intermediate
2025-09-16,370.6884765625,fe,0.0006004527094773948,Intermediate
2025-09-16,411.7938537597656,fe,0.0006067324429750443,Intermediate
2025-09-16,457.6256103515625,fe,0.00061002466827631,Intermediate
2025-09-16,508.639892578125,fe,0.000612287491094321,Intermediate
2025-09-16,565.2922973632812,fe,0.0006127312663011253,Intermediate
2025-09-16,628.0260009765625,fe,0.0006123112980276346,Intermediate
2025-09-16,697.2586669921875,fe,0.000611637020483613,Intermediate
2025-09-16,773.3682861328125,fe,0.0006101846811361611,Intermediate
2025-09-16,856.678955078125,fe,0.0006082571344450116,Intermediate
2025-09-16,947.4478759765625,fe,0.0006059759180061519,Intermediate
2025-09-16,1045.854248046875,fe,0.0006039417930878699,Deep Ocean
2025-09-16,1151.9912109375,fe,0.0006021350272931159,Deep Ocean
2025-09-16,1265.8614501953125,fe,0.0006001899018883705,Deep Ocean
2025-09-16,1387.376953125,fe,0.0005983072333037853,Deep Ocean
2025-09-16,1516.3636474609375,fe,0.0005966076860204339,Deep Ocean
2025-09-16,1652.5684814453125,fe,0.0005950955091975629,Deep Ocean
2025-09-16,1795.6707763671875,fe,0.000593775708694011,Deep Ocean
2025-09-16,1945.2955322265625,fe,0.0005925263394601643,Deep Ocean
2025-09-16,2101.026611328125,fe,0.0005914336070418358,Deep Ocean
2025-09-16,2262.421630859375,fe,0.0005905433790758252,Deep Ocean
2025-09-16,2429.025146484375,fe,0.0005900548421777785,Deep Ocean
2025-09-16,2600.38037109375,fe,0.0005899876705370843,Deep Ocean
2025-09-16,2776.039306640625,fe,0.0005900972173549235,Deep Ocean
2025-09-16,2955.5703125,fe,0.0005902504781261086,Deep Ocean
2025-09-16,3138.56494140625,fe,0.0005905050784349442,Deep Ocean
2025-09-16,3324.640869140625,fe,0.0005901850527152419,Deep Ocean
2025-09-16,3513.445556640625,fe,0.0005901969270780683,Deep Ocean
2025-09-16,3704.65673828125,fe,0.0005896644433960319,Deep Ocean
2025-09-16,3897.98193359375,fe,0.0005883803823962808,Deep Ocean
2025-09-16,4093.15869140625,fe,0.0005883561680093408,Abyssal
2025-09-16,4289.95263671875,fe,0.000587362446822226,Abyssal
2025-09-16,4488.15478515625,fe,0.000586404581554234,Abyssal
2025-09-16,4687.5810546875,fe,0.0005871399189345539,Abyssal
2025-09-16,4888.06982421875,fe,0.0005898222443647683,Abyssal
2025-09-16,5089.478515625,fe,0.0005943932919763029,Abyssal
2025-09-16,5291.68310546875,fe,0.0005998392007313669,Abyssal
2025-09-16,5494.5751953125,fe,0.0006063273176550865,Abyssal
2025-09-16,5698.060546875,fe,0.0006096044089645147,Abyssal
2025-09-16,0.5057600140571594,no3,7.225978851318359,Surface
2025-09-16,1.5558552742004395,no3,7.2259111404418945,Surface
2025-09-16,2.6676816940307617,no3,7.224379062652588,Surface
2025-09-16,3.8562798500061035,no3,7.222815036773682,Surface
2025-09-16,5.140361309051514,no3,7.2213873863220215,Surface
2025-09-16,6.543033599853516,no3,7.2201924324035645,Surface
2025-09-16,8.09251880645752,no3,7.219640731811523,Surface
2025-09-16,9.822750091552734,no3,7.220635414123535,Surface
2025-09-16,11.773679733276367,no3,7.226497173309326,Shallow
2025-09-16,13.99103832244873,no3,7.29332971572876,Shallow
2025-09-16,16.52532196044922,no3,7.3358259201049805,Shallow
2025-09-16,19.42980194091797,no3,7.399074077606201,Shallow
2025-09-16,22.75761604309082,no3,7.498490810394287,Shallow
2025-09-16,26.558300018310547,no3,7.6429643630981445,Shallow
2025-09-16,30.874561309814453,no3,7.835293769836426,Shallow
2025-09-16,35.740203857421875,no3,8.081048011779785,Shallow
2025-09-16,41.180023193359375,no3,8.36693286895752,Shallow
2025-09-16,47.21189498901367,no3,8.68171215057373,Shallow
2025-09-16,53.85063552856445,no3,9.033374786376953,Upper Ocean
2025-09-16,61.11283874511719,no3,9.427797317504883,Upper Ocean
2025-09-16,69.02168273925781,no3,9.864154815673828,Upper Ocean
2025-09-16,77.61116027832031,no3,10.349757194519043,Upper Ocean
2025-09-16,86.92942810058594,no3,10.900484085083008,Upper Ocean
2025-09-16,97.04131317138672,no3,11.523783683776855,Upper Ocean
2025-09-16,108.03028106689453,no3,12.203481674194336,Upper Ocean
2025-09-16,120.0,no3,12.913110733032227,Upper Ocean
2025-09-16,133.07582092285156,no3,13.63917064666748,Upper Ocean
2025-09-16,147.40625,no3,14.376333236694336,Upper Ocean
2025-09-16,163.16445922851562,no3,15.127197265625,Upper Ocean
2025-09-16,180.5499267578125,no3,15.88525104522705,Upper Ocean
2025-09-16,199.7899627685547,no3,16.653480529785156,Upper Ocean
2025-09-16,221.14117431640625,no3,17.443641662597656,Intermediate
2025-09-16,244.890625,no3,18.270206451416016,Intermediate
2025-09-16,271.35638427734375,no3,19.154878616333008,Intermediate
2025-09-16,300.88751220703125,no3,20.098852157592773,Intermediate
2025-09-16,333.8628234863281,no3,21.092424392700195,Intermediate
2025-09-16,370.6884765625,no3,22.128271102905273,Intermediate
2025-09-16,411.7938537597656,no3,23.203140258789062,Intermediate
2025-09-16,457.6256103515625,no3,24.3083438873291,Intermediate
2025-09-16,508.639892578125,no3,25.425636291503906,Intermediate
2025-09-16,565.2922973632812,no3,26.538087844848633,Intermediate
2025-09-16,628.0260009765625,no3,27.622636795043945,Intermediate
2025-09-16,697.2586669921875,no3,28.64687728881836,Intermediate
2025-09-16,773.3682861328125,no3,29.582508087158203,Intermediate
2025-09-16,856.678955078125,no3,30.393354415893555,Intermediate
2025-09-16,947.4478759765625,no3,31.0452880859375,Intermediate
2025-09-16,1045.854248046875,no3,31.524808883666992,Deep Ocean
2025-09-16,1151.9912109375,no3,31.83904457092285,Deep Ocean
2025-09-16,1265.8614501953125,no3,32.00251770019531,Deep Ocean
2025-09-16,1387.376953125,no3,32.03911590576172,Deep Ocean
2025-09-16,1516.3636474609375,no3,31.990785598754883,Deep Ocean
2025-09-16,1652.5684814453125,no3,31.891157150268555,Deep Ocean
2025-09-16,1795.6707763671875,no3,31.768041610717773,Deep Ocean
2025-09-16,1945.2955322265625,no3,31.646610260009766,Deep Ocean
2025-09-16,2101.026611328125,no3,31.54401397705078,Deep Ocean
2025-09-16,2262.421630859375,no3,31.468557357788086,Deep Ocean
2025-09-16,2429.025146484375,no3,31.41791343688965,Deep Ocean
2025-09-16,2600.38037109375,no3,31.406116485595703,Deep Ocean
2025-09-16,2776.039306640625,no3,31.420076370239258,Deep Ocean
2025-09-16,2955.5703125,no3,31.44869041442871,Deep Ocean
2025-09-16,3138.56494140625,no3,31.47609519958496,Deep Ocean
2025-09-16,3324.640869140625,no3,31.538360595703125,Deep Ocean
2025-09-16,3513.445556640625,no3,31.59511947631836,Deep Ocean
2025-09-16,3704.65673828125,no3,31.719608306884766,Deep Ocean
2025-09-16,3897.98193359375,no3,31.926406860351562,Deep Ocean
2025-09-16,4093.15869140625,no3,32.01512145996094,Abyssal
2025-09-16,4289.95263671875,no3,32.38007354736328,Abyssal
2025-09-16,4488.15478515625,no3,32.58771896362305,Abyssal
2025-09-16,4687.5810546875,no3,32.636375427246094,Abyssal
2025-09-16,4888.06982421875,no3,32.761924743652344,Abyssal
2025-09-16,5089.478515625,no3,32.97123336791992,Abyssal
2025-09-16,5291.68310546875,no3,33.21552658081055,Abyssal
2025-09-16,5494.5751953125,no3,33.75132751464844,Abyssal
2025-09-16,5698.060546875,no3,34.21194839477539,Abyssal
2025-09-16,0.5057600140571594,nppv,5.406752109527588,Surface
2025-09-16,1.5558552742004395,nppv,5.312922954559326,Surface
2025-09-16,2.6676816940307617,nppv,5.226109504699707,Surface
2025-09-16,3.8562798500061035,nppv,5.18065881729126,Surface
2025-09-16,5.140361309051514,nppv,5.158070087432861,Surface
2025-09-16,6.543033599853516,nppv,5.1566948890686035,Surface
2025-09-16,8.09251880645752,nppv,5.191147804260254,Surface
2025-09-16,9.822750091552734,nppv,5.330450534820557,Surface
2025-09-16,11.773679733276367,nppv,5.046563148498535,Shallow
2025-09-16,13.99103832244873,nppv,4.702931880950928,Shallow
2025-09-16,16.52532196044922,nppv,4.547303199768066,Shallow
2025-09-16,19.42980194091797,nppv,4.380897045135498,Shallow
2025-09-16,22.75761604309082,nppv,4.19184684753418,Shallow
2025-09-16,26.558300018310547,nppv,3.97013521194458,Shallow
2025-09-16,30.874561309814453,nppv,3.7295782566070557,Shallow
2025-09-16,35.740203857421875,nppv,3.4780948162078857,Shallow
2025-09-16,41.180023193359375,nppv,3.2300446033477783,Shallow
2025-09-16,47.21189498901367,nppv,2.9913604259490967,Shallow
2025-09-16,53.85063552856445,nppv,2.7296812534332275,Upper Ocean
2025-09-16,61.11283874511719,nppv,2.4271509647369385,Upper Ocean
2025-09-16,69.02168273925781,nppv,2.080104112625122,Upper Ocean
2025-09-16,77.61116027832031,nppv,1.6680599451065063,Upper Ocean
2025-09-16,86.92942810058594,nppv,1.2639358043670654,Upper Ocean
2025-09-16,97.04131317138672,nppv,0.9364609718322754,Upper Ocean
2025-09-16,108.03028106689453,nppv,0.6805012822151184,Upper Ocean
2025-09-16,120.0,nppv,0.4491827189922333,Upper Ocean
2025-09-16,133.07582092285156,nppv,0.26827675104141235,Upper Ocean
2025-09-16,147.40625,nppv,0.13903993368148804,Upper Ocean
2025-09-16,163.16445922851562,nppv,0.05942301079630852,Upper Ocean
2025-09-16,180.5499267578125,nppv,0.022128324955701828,Upper Ocean
2025-09-16,199.7899627685547,nppv,0.008724842220544815,Upper Ocean
2025-09-16,221.14117431640625,nppv,0.00406755181029439,Intermediate
2025-09-16,244.890625,nppv,0.002229071920737624,Intermediate
2025-09-16,271.35638427734375,nppv,0.0013657639501616359,Intermediate
2025-09-16,300.88751220703125,nppv,0.0008653574623167515,Intermediate
2025-09-16,333.8628234863281,nppv,0.0005070188199169934,Intermediate
2025-09-16,370.6884765625,nppv,0.00014154821110423654,Intermediate
2025-09-16,411.7938537597656,nppv,5.0732862355573616e-09,Intermediate
2025-09-16,457.6256103515625,nppv,1.01338867852796e-10,Intermediate
2025-09-16,508.639892578125,nppv,1.4261317821118169e-11,Intermediate
2025-09-16,565.2922973632812,nppv,4.930012561382702e-13,Intermediate
2025-09-16,628.0260009765625,nppv,1.5083349472850768e-14,Intermediate
2025-09-16,697.2586669921875,nppv,6.812677392087967e-17,Intermediate
2025-09-16,773.3682861328125,nppv,4.57391418026079e-21,Intermediate
2025-09-16,856.678955078125,nppv,0.0,Intermediate
2025-09-16,947.4478759765625,nppv,0.0,Intermediate
2025-09-16,1045.854248046875,nppv,0.0,Deep Ocean
2025-09-16,1151.9912109375,nppv,0.0,Deep Ocean
2025-09-16,1265.8614501953125,nppv,0.0,Deep Ocean
2025-09-16,1387.376953125,nppv,0.0,Deep Ocean
2025-09-16,1516.3636474609375,nppv,0.0,Deep Ocean
2025-09-16,1652.5684814453125,nppv,0.0,Deep Ocean
2025-09-16,1795.6707763671875,nppv,0.0,Deep Ocean
2025-09-16,1945.2955322265625,nppv,0.0,Deep Ocean
2025-09-16,2101.026611328125,nppv,0.0,Deep Ocean
2025-09-16,2262.421630859375,nppv,0.0,Deep Ocean
2025-09-16,2429.025146484375,nppv,0.0,Deep Ocean
2025-09-16,2600.38037109375,nppv,0.0,Deep Ocean
2025-09-16,2776.039306640625,nppv,0.0,Deep Ocean
2025-09-16,2955.5703125,nppv,0.0,Deep Ocean
2025-09-16,3138.56494140625,nppv,0.0,Deep Ocean
2025-09-16,3324.640869140625,nppv,0.0,Deep Ocean
2025-09-16,3513.445556640625,nppv,0.0,Deep Ocean
2025-09-16,3704.65673828125,nppv,0.0,Deep Ocean
2025-09-16,3897.98193359375,nppv,0.0,Deep Ocean
2025-09-16,4093.15869140625,nppv,0.0,Abyssal
2025-09-16,4289.95263671875,nppv,0.0,Abyssal
2025-09-16,4488.15478515625,nppv,0.0,Abyssal
2025-09-16,4687.5810546875,nppv,0.0,Abyssal
2025-09-16,4888.06982421875,nppv,0.0,Abyssal
2025-09-16,5089.478515625,nppv,0.0,Abyssal
2025-09-16,5291.68310546875,nppv,0.0,Abyssal
2025-09-16,5494.5751953125,nppv,0.0,Abyssal
2025-09-16,5698.060546875,nppv,0.0,Abyssal
2025-09-16,0.5057600140571594,o2,270.501708984375,Surface
2025-09-16,1.5558552742004395,o2,270.5222473144531,Surface
2025-09-16,2.6676816940307617,o2,270.53204345703125,Surface
2025-09-16,3.8562798500061035,o2,270.54095458984375,Surface
2025-09-16,5.140361309051514,o2,270.5503234863281,Surface
2025-09-16,6.543033599853516,o2,270.5615539550781,Surface
2025-09-16,8.09251880645752,o2,270.5774841308594,Surface
2025-09-16,9.822750091552734,o2,270.59979248046875,Surface
2025-09-16,11.773679733276367,o2,270.6217041015625,Shallow
2025-09-16,13.99103832244873,o2,270.6715393066406,Shallow
2025-09-16,16.52532196044922,o2,270.760009765625,Shallow
2025-09-16,19.42980194091797,o2,270.96917724609375,Shallow
2025-09-16,22.75761604309082,o2,271.31768798828125,Shallow
2025-09-16,26.558300018310547,o2,271.84100341796875,Shallow
2025-09-16,30.874561309814453,o2,272.3827819824219,Shallow
2025-09-16,35.740203857421875,o2,272.5808410644531,Shallow
2025-09-16,41.180023193359375,o2,272.09063720703125,Shallow
2025-09-16,47.21189498901367,o2,270.7513732910156,Shallow
2025-09-16,53.85063552856445,o2,268.6063232421875,Upper Ocean
2025-09-16,61.11283874511719,o2,265.6650390625,Upper Ocean
2025-09-16,69.02168273925781,o2,262.0265197753906,Upper Ocean
2025-09-16,77.61116027832031,o2,257.8304443359375,Upper Ocean
2025-09-16,86.92942810058594,o2,253.17942810058594,Upper Ocean
2025-09-16,97.04131317138672,o2,248.20599365234375,Upper Ocean
2025-09-16,108.03028106689453,o2,243.0767059326172,Upper Ocean
2025-09-16,120.0,o2,237.7982177734375,Upper Ocean
2025-09-16,133.07582092285156,o2,232.4715576171875,Upper Ocean
2025-09-16,147.40625,o2,227.2999725341797,Upper Ocean
2025-09-16,163.16445922851562,o2,222.4265899658203,Upper Ocean
2025-09-16,180.5499267578125,o2,217.99533081054688,Upper Ocean
2025-09-16,199.7899627685547,o2,213.99261474609375,Upper Ocean
2025-09-16,221.14117431640625,o2,210.35179138183594,Intermediate
2025-09-16,244.890625,o2,206.9491424560547,Intermediate
2025-09-16,271.35638427734375,o2,203.63998413085938,Intermediate
2025-09-16,300.88751220703125,o2,200.43125915527344,Intermediate
2025-09-16,333.8628234863281,o2,197.3909912109375,Intermediate
2025-09-16,370.6884765625,o2,194.52720642089844,Intermediate
2025-09-16,411.7938537597656,o2,191.7806396484375,Intermediate
2025-09-16,457.6256103515625,o2,189.1075439453125,Intermediate
2025-09-16,508.639892578125,o2,186.53948974609375,Intermediate
2025-09-16,565.2922973632812,o2,183.98216247558594,Intermediate
2025-09-16,628.0260009765625,o2,181.4468536376953,Intermediate
2025-09-16,697.2586669921875,o2,178.98899841308594,Intermediate
2025-09-16,773.3682861328125,o2,176.67031860351562,Intermediate
2025-09-16,856.678955078125,o2,174.66714477539062,Intermediate
2025-09-16,947.4478759765625,o2,173.1946258544922,Intermediate
2025-09-16,1045.854248046875,o2,172.4315948486328,Deep Ocean
2025-09-16,1151.9912109375,o2,172.4911346435547,Deep Ocean
2025-09-16,1265.8614501953125,o2,173.42086791992188,Deep Ocean
2025-09-16,1387.376953125,o2,175.1844482421875,Deep Ocean
2025-09-16,1516.3636474609375,o2,177.5714111328125,Deep Ocean
2025-09-16,1652.5684814453125,o2,180.4010467529297,Deep Ocean
2025-09-16,1795.6707763671875,o2,183.46627807617188,Deep Ocean
2025-09-16,1945.2955322265625,o2,186.5854034423828,Deep Ocean
2025-09-16,2101.026611328125,o2,189.6358184814453,Deep Ocean
2025-09-16,2262.421630859375,o2,192.5406494140625,Deep Ocean
2025-09-16,2429.025146484375,o2,195.1981201171875,Deep Ocean
2025-09-16,2600.38037109375,o2,197.5568389892578,Deep Ocean
2025-09-16,2776.039306640625,o2,199.73983764648438,Deep Ocean
2025-09-16,2955.5703125,o2,201.78794860839844,Deep Ocean
2025-09-16,3138.56494140625,o2,203.81390380859375,Deep Ocean
2025-09-16,3324.640869140625,o2,205.72483825683594,Deep Ocean
2025-09-16,3513.445556640625,o2,207.66123962402344,Deep Ocean
2025-09-16,3704.65673828125,o2,209.17074584960938,Deep Ocean
2025-09-16,3897.98193359375,o2,210.31805419921875,Deep Ocean
2025-09-16,4093.15869140625,o2,211.78823852539062,Abyssal
2025-09-16,4289.95263671875,o2,211.2116241455078,Abyssal
2025-09-16,4488.15478515625,o2,210.8262481689453,Abyssal
2025-09-16,4687.5810546875,o2,210.81097412109375,Abyssal
2025-09-16,4888.06982421875,o2,209.52745056152344,Abyssal
2025-09-16,5089.478515625,o2,206.10533142089844,Abyssal
2025-09-16,5291.68310546875,o2,200.48707580566406,Abyssal
2025-09-16,5494.5751953125,o2,191.63783264160156,Abyssal
2025-09-16,5698.060546875,o2,186.5960693359375,Abyssal
2025-09-16,0.5057600140571594,ph,8.02141284942627,Surface
2025-09-16,1.5558552742004395,ph,8.021539688110352,Surface
2025-09-16,2.6676816940307617,ph,8.021636009216309,Surface
2025-09-16,3.8562798500061035,ph,8.021665573120117,Surface
2025-09-16,5.140361309051514,ph,8.021666526794434,Surface
2025-09-16,6.543033599853516,ph,8.021639823913574,Surface
2025-09-16,8.09251880645752,ph,8.021584510803223,Surface
2025-09-16,9.822750091552734,ph,8.021483421325684,Surface
2025-09-16,11.773679733276367,ph,8.021309852600098,Shallow
2025-09-16,13.99103832244873,ph,8.021844863891602,Shallow
2025-09-16,16.52532196044922,ph,8.021665573120117,Shallow
2025-09-16,19.42980194091797,ph,8.021305084228516,Shallow
2025-09-16,22.75761604309082,ph,8.020796775817871,Shallow
2025-09-16,26.558300018310547,ph,8.020177841186523,Shallow
2025-09-16,30.874561309814453,ph,8.019536972045898,Shallow
2025-09-16,35.740203857421875,ph,8.018898963928223,Shallow
2025-09-16,41.180023193359375,ph,8.01821517944336,Shallow
2025-09-16,47.21189498901367,ph,8.017104148864746,Shallow
2025-09-16,53.85063552856445,ph,8.015281677246094,Upper Ocean
2025-09-16,61.11283874511719,ph,8.012413024902344,Upper Ocean
2025-09-16,69.02168273925781,ph,8.008378982543945,Upper Ocean
2025-09-16,77.61116027832031,ph,8.003347396850586,Upper Ocean
2025-09-16,86.92942810058594,ph,7.9974260330200195,Upper Ocean
2025-09-16,97.04131317138672,ph,7.99074125289917,Upper Ocean
2025-09-16,108.03028106689453,ph,7.98380184173584,Upper Ocean
2025-09-16,120.0,ph,7.976511001586914,Upper Ocean
2025-09-16,133.07582092285156,ph,7.969224452972412,Upper Ocean
2025-09-16,147.40625,ph,7.962214469909668,Upper Ocean
2025-09-16,163.16445922851562,ph,7.95541524887085,Upper Ocean
2025-09-16,180.5499267578125,ph,7.948754787445068,Upper Ocean
2025-09-16,199.7899627685547,ph,7.942342758178711,Upper Ocean
2025-09-16,221.14117431640625,ph,7.935945510864258,Intermediate
2025-09-16,244.890625,ph,7.929309368133545,Intermediate
2025-09-16,271.35638427734375,ph,7.922195911407471,Intermediate
2025-09-16,300.88751220703125,ph,7.914522171020508,Intermediate
2025-09-16,333.8628234863281,ph,7.906411647796631,Intermediate
2025-09-16,370.6884765625,ph,7.8979692459106445,Intermediate
2025-09-16,411.7938537597656,ph,7.889294624328613,Intermediate
2025-09-16,457.6256103515625,ph,7.880432605743408,Intermediate
2025-09-16,508.639892578125,ph,7.871466159820557,Intermediate
2025-09-16,565.2922973632812,ph,7.862419605255127,Intermediate
2025-09-16,628.0260009765625,ph,7.853584289550781,Intermediate
2025-09-16,697.2586669921875,ph,7.8454742431640625,Intermediate
2025-09-16,773.3682861328125,ph,7.838541507720947,Intermediate
2025-09-16,856.678955078125,ph,7.833259582519531,Intermediate
2025-09-16,947.4478759765625,ph,7.829767227172852,Intermediate
2025-09-16,1045.854248046875,ph,7.8281121253967285,Deep Ocean
2025-09-16,1151.9912109375,ph,7.828083038330078,Deep Ocean
2025-09-16,1265.8614501953125,ph,7.829498767852783,Deep Ocean
2025-09-16,1387.376953125,ph,7.832022666931152,Deep Ocean
2025-09-16,1516.3636474609375,ph,7.835100173950195,Deep Ocean
2025-09-16,1652.5684814453125,ph,7.838299751281738,Deep Ocean
2025-09-16,1795.6707763671875,ph,7.841166019439697,Deep Ocean
2025-09-16,1945.2955322265625,ph,7.843347549438477,Deep Ocean
2025-09-16,2101.026611328125,ph,7.844634532928467,Deep Ocean
2025-09-16,2262.421630859375,ph,7.8450446128845215,Deep Ocean
2025-09-16,2429.025146484375,ph,7.844474792480469,Deep Ocean
2025-09-16,2600.38037109375,ph,7.842708587646484,Deep Ocean
2025-09-16,2776.039306640625,ph,7.840108871459961,Deep Ocean
2025-09-16,2955.5703125,ph,7.836867332458496,Deep Ocean
2025-09-16,3138.56494140625,ph,7.83310079574585,Deep Ocean
2025-09-16,3324.640869140625,ph,7.828512668609619,Deep Ocean
2025-09-16,3513.445556640625,ph,7.823336124420166,Deep Ocean
2025-09-16,3704.65673828125,ph,7.817170143127441,Deep Ocean
2025-09-16,3897.98193359375,ph,7.810127258300781,Deep Ocean
2025-09-16,4093.15869140625,ph,7.803189277648926,Abyssal
2025-09-16,4289.95263671875,ph,7.793726444244385,Abyssal
2025-09-16,4488.15478515625,ph,7.78475284576416,Abyssal
2025-09-16,4687.5810546875,ph,7.776364803314209,Abyssal
2025-09-16,4888.06982421875,ph,7.766939640045166,Abyssal
2025-09-16,5089.478515625,ph,7.755913734436035,Abyssal
2025-09-16,5291.68310546875,ph,7.744266033172607,Abyssal
2025-09-16,5494.5751953125,ph,7.729120254516602,Abyssal
2025-09-16,5698.060546875,ph,7.712875843048096,Abyssal
2025-09-16,0.5057600140571594,phyc,1.5466817617416382,Surface
2025-09-16,1.5558552742004395,phyc,1.54556143283844,Surface
2025-09-16,2.6676816940307617,phyc,1.5432976484298706,Surface
2025-09-16,3.8562798500061035,phyc,1.5412836074829102,Surface
2025-09-16,5.140361309051514,phyc,1.5400277376174927,Surface
2025-09-16,6.543033599853516,phyc,1.5399930477142334,Surface
2025-09-16,8.09251880645752,phyc,1.5418201684951782,Surface
2025-09-16,9.822750091552734,phyc,1.545690894126892,Surface
2025-09-16,11.773679733276367,phyc,1.543729543685913,Shallow
2025-09-16,13.99103832244873,phyc,1.507206678390503,Shallow
2025-09-16,16.52532196044922,phyc,1.4866034984588623,Shallow
2025-09-16,19.42980194091797,phyc,1.4566696882247925,Shallow
2025-09-16,22.75761604309082,phyc,1.4167343378067017,Shallow
2025-09-16,26.558300018310547,phyc,1.3666975498199463,Shallow
2025-09-16,30.874561309814453,phyc,1.306656837463379,Shallow
2025-09-16,35.740203857421875,phyc,1.2359017133712769,Shallow
2025-09-16,41.180023193359375,phyc,1.1584885120391846,Shallow
2025-09-16,47.21189498901367,phyc,1.0809133052825928,Shallow
2025-09-16,53.85063552856445,phyc,1.0036957263946533,Upper Ocean
2025-09-16,61.11283874511719,phyc,0.9263214468955994,Upper Ocean
2025-09-16,69.02168273925781,phyc,0.8479284048080444,Upper Ocean
2025-09-16,77.61116027832031,phyc,0.7672784924507141,Upper Ocean
2025-09-16,86.92942810058594,phyc,0.685837984085083,Upper Ocean
2025-09-16,97.04131317138672,phyc,0.6074735522270203,Upper Ocean
2025-09-16,108.03028106689453,phyc,0.5325918793678284,Upper Ocean
2025-09-16,120.0,phyc,0.4550301730632782,Upper Ocean
2025-09-16,133.07582092285156,phyc,0.3752601146697998,Upper Ocean
2025-09-16,147.40625,phyc,0.2979516386985779,Upper Ocean
2025-09-16,163.16445922851562,phyc,0.22620055079460144,Upper Ocean
2025-09-16,180.5499267578125,phyc,0.1663733571767807,Upper Ocean
2025-09-16,199.7899627685547,phyc,0.12396062165498734,Upper Ocean
2025-09-16,221.14117431640625,phyc,0.09555411338806152,Intermediate
2025-09-16,244.890625,phyc,0.07573430240154266,Intermediate
2025-09-16,271.35638427734375,phyc,0.06102597713470459,Intermediate
2025-09-16,300.88751220703125,phyc,0.04978521168231964,Intermediate
2025-09-16,333.8628234863281,phyc,0.041932933032512665,Intermediate
2025-09-16,370.6884765625,phyc,0.03618207201361656,Intermediate
2025-09-16,411.7938537597656,phyc,0.03152796998620033,Intermediate
2025-09-16,457.6256103515625,phyc,0.027482010424137115,Intermediate
2025-09-16,508.639892578125,phyc,0.024212708696722984,Intermediate
2025-09-16,565.2922973632812,phyc,0.02196035161614418,Intermediate
2025-09-16,628.0260009765625,phyc,0.020216070115566254,Intermediate
2025-09-16,697.2586669921875,phyc,0.018703415989875793,Intermediate
2025-09-16,773.3682861328125,phyc,0.0173974446952343,Intermediate
2025-09-16,856.678955078125,phyc,0.016424279659986496,Intermediate
2025-09-16,947.4478759765625,phyc,0.01583459973335266,Intermediate
2025-09-16,1045.854248046875,phyc,0.015393074601888657,Deep Ocean
2025-09-16,1151.9912109375,phyc,0.015039174817502499,Deep Ocean
2025-09-16,1265.8614501953125,phyc,0.014772889204323292,Deep Ocean
2025-09-16,1387.376953125,phyc,0.014575719833374023,Deep Ocean
2025-09-16,1516.3636474609375,phyc,0.014425654895603657,Deep Ocean
2025-09-16,1652.5684814453125,phyc,0.014309221878647804,Deep Ocean
2025-09-16,1795.6707763671875,phyc,0.014215207658708096,Deep Ocean
2025-09-16,1945.2955322265625,phyc,0.014141475781798363,Deep Ocean
2025-09-16,2101.026611328125,phyc,0.01408204436302185,Deep Ocean
2025-09-16,2262.421630859375,phyc,0.014035815373063087,Deep Ocean
2025-09-16,2429.025146484375,phyc,0.013997782953083515,Deep Ocean
2025-09-16,2600.38037109375,phyc,0.013963181525468826,Deep Ocean
2025-09-16,2776.039306640625,phyc,0.013930519111454487,Deep Ocean
2025-09-16,2955.5703125,phyc,0.013898179866373539,Deep Ocean
2025-09-16,3138.56494140625,phyc,0.013869835063815117,Deep Ocean
2025-09-16,3324.640869140625,phyc,0.013858803547918797,Deep Ocean
2025-09-16,3513.445556640625,phyc,0.013849609531462193,Deep Ocean
2025-09-16,3704.65673828125,phyc,0.013848058879375458,Deep Ocean
2025-09-16,3897.98193359375,phyc,0.013859478756785393,Deep Ocean
2025-09-16,4093.15869140625,phyc,0.013827826827764511,Abyssal
2025-09-16,4289.95263671875,phyc,0.013745451346039772,Abyssal
2025-09-16,4488.15478515625,phyc,0.013621104881167412,Abyssal
2025-09-16,4687.5810546875,phyc,0.013522648252546787,Abyssal
2025-09-16,4888.06982421875,phyc,0.013315132819116116,Abyssal
2025-09-16,5089.478515625,phyc,0.012915583327412605,Abyssal
2025-09-16,5291.68310546875,phyc,0.012558754533529282,Abyssal
2025-09-16,5494.5751953125,phyc,0.01218406017869711,Abyssal
2025-09-16,5698.060546875,phyc,0.012118000537157059,Abyssal
2025-09-16,0.5057600140571594,po4,0.6476981043815613,Surface
2025-09-16,1.5558552742004395,po4,0.6477886438369751,Surface
2025-09-16,2.6676816940307617,po4,0.6478034853935242,Surface
2025-09-16,3.8562798500061035,po4,0.6478469371795654,Surface
2025-09-16,5.140361309051514,po4,0.6479327082633972,Surface
2025-09-16,6.543033599853516,po4,0.6480754017829895,Surface
2025-09-16,8.09251880645752,po4,0.6483196020126343,Surface
2025-09-16,9.822750091552734,po4,0.648754894733429,Surface
2025-09-16,11.773679733276367,po4,0.6496365666389465,Shallow
2025-09-16,13.99103832244873,po4,0.6555452942848206,Shallow
2025-09-16,16.52532196044922,po4,0.6590261459350586,Shallow
2025-09-16,19.42980194091797,po4,0.6639982461929321,Shallow
2025-09-16,22.75761604309082,po4,0.6714882254600525,Shallow
2025-09-16,26.558300018310547,po4,0.6821083426475525,Shallow
2025-09-16,30.874561309814453,po4,0.6959389448165894,Shallow
2025-09-16,35.740203857421875,po4,0.7132159471511841,Shallow
2025-09-16,41.180023193359375,po4,0.7326429486274719,Shallow
2025-09-16,47.21189498901367,po4,0.7537010908126831,Shallow
2025-09-16,53.85063552856445,po4,0.7769579291343689,Upper Ocean
2025-09-16,61.11283874511719,po4,0.8033202886581421,Upper Ocean
2025-09-16,69.02168273925781,po4,0.8327854871749878,Upper Ocean
2025-09-16,77.61116027832031,po4,0.8656211495399475,Upper Ocean
2025-09-16,86.92942810058594,po4,0.9025025963783264,Upper Ocean
2025-09-16,97.04131317138672,po4,0.9438141584396362,Upper Ocean
2025-09-16,108.03028106689453,po4,0.9882539510726929,Upper Ocean
2025-09-16,120.0,po4,1.0350453853607178,Upper Ocean
2025-09-16,133.07582092285156,po4,1.0829238891601562,Upper Ocean
2025-09-16,147.40625,po4,1.1314754486083984,Upper Ocean
2025-09-16,163.16445922851562,po4,1.1807892322540283,Upper Ocean
2025-09-16,180.5499267578125,po4,1.230645775794983,Upper Ocean
2025-09-16,199.7899627685547,po4,1.281071662902832,Upper Ocean
2025-09-16,221.14117431640625,po4,1.3329951763153076,Intermediate
2025-09-16,244.890625,po4,1.3874962329864502,Intermediate
2025-09-16,271.35638427734375,po4,1.4457831382751465,Intermediate
2025-09-16,300.88751220703125,po4,1.5079461336135864,Intermediate
2025-09-16,333.8628234863281,po4,1.5732754468917847,Intermediate
2025-09-16,370.6884765625,po4,1.6410325765609741,Intermediate
2025-09-16,411.7938537597656,po4,1.7108694314956665,Intermediate
2025-09-16,457.6256103515625,po4,1.7820332050323486,Intermediate
2025-09-16,508.639892578125,po4,1.853164553642273,Intermediate
2025-09-16,565.2922973632812,po4,1.923356533050537,Intermediate
2025-09-16,628.0260009765625,po4,1.991040587425232,Intermediate
2025-09-16,697.2586669921875,po4,2.0544705390930176,Intermediate
2025-09-16,773.3682861328125,po4,2.111928701400757,Intermediate
2025-09-16,856.678955078125,po4,2.161377191543579,Intermediate
2025-09-16,947.4478759765625,po4,2.2009096145629883,Intermediate
2025-09-16,1045.854248046875,po4,2.2293853759765625,Deep Ocean
2025-09-16,1151.9912109375,po4,2.247025489807129,Deep Ocean
2025-09-16,1265.8614501953125,po4,2.2544219493865967,Deep Ocean
2025-09-16,1387.376953125,po4,2.2532644271850586,Deep Ocean
2025-09-16,1516.3636474609375,po4,2.24641489982605,Deep Ocean
2025-09-16,1652.5684814453125,po4,2.2360031604766846,Deep Ocean
2025-09-16,1795.6707763671875,po4,2.2238781452178955,Deep Ocean
2025-09-16,1945.2955322265625,po4,2.2116620540618896,Deep Ocean
2025-09-16,2101.026611328125,po4,2.2000129222869873,Deep Ocean
2025-09-16,2262.421630859375,po4,2.1904971599578857,Deep Ocean
2025-09-16,2429.025146484375,po4,2.184718132019043,Deep Ocean
2025-09-16,2600.38037109375,po4,2.182173490524292,Deep Ocean
2025-09-16,2776.039306640625,po4,2.181655168533325,Deep Ocean
2025-09-16,2955.5703125,po4,2.1823647022247314,Deep Ocean
2025-09-16,3138.56494140625,po4,2.183143138885498,Deep Ocean
2025-09-16,3324.640869140625,po4,2.1863980293273926,Deep Ocean
2025-09-16,3513.445556640625,po4,2.1894662380218506,Deep Ocean
2025-09-16,3704.65673828125,po4,2.1972603797912598,Deep Ocean
2025-09-16,3897.98193359375,po4,2.210502862930298,Deep Ocean
2025-09-16,4093.15869140625,po4,2.2161223888397217,Abyssal
2025-09-16,4289.95263671875,po4,2.2410988807678223,Abyssal
2025-09-16,4488.15478515625,po4,2.2546467781066895,Abyssal
2025-09-16,4687.5810546875,po4,2.256870985031128,Abyssal
2025-09-16,4888.06982421875,po4,2.2648673057556152,Abyssal
2025-09-16,5089.478515625,po4,2.278338670730591,Abyssal
2025-09-16,5291.68310546875,po4,2.293506145477295,Abyssal
2025-09-16,5494.5751953125,po4,2.3306362628936768,Abyssal
2025-09-16,5698.060546875,po4,2.364060401916504,Abyssal
2025-09-16,0.5057600140571594,si,14.653125762939453,Surface
2025-09-16,1.5558552742004395,si,14.653477668762207,Surface
2025-09-16,2.6676816940307617,si,14.651915550231934,Surface
2025-09-16,3.8562798500061035,si,14.650428771972656,Surface
2025-09-16,5.140361309051514,si,14.649225234985352,Surface
2025-09-16,6.543033599853516,si,14.64864730834961,Surface
2025-09-16,8.09251880645752,si,14.6498384475708,Surface
2025-09-16,9.822750091552734,si,14.655570030212402,Surface
2025-09-16,11.773679733276367,si,14.665346145629883,Shallow
2025-09-16,13.99103832244873,si,14.5725679397583,Shallow
2025-09-16,16.52532196044922,si,14.58005428314209,Shallow
2025-09-16,19.42980194091797,si,14.609912872314453,Shallow
2025-09-16,22.75761604309082,si,14.668533325195312,Shallow
2025-09-16,26.558300018310547,si,14.771982192993164,Shallow
2025-09-16,30.874561309814453,si,14.92006778717041,Shallow
2025-09-16,35.740203857421875,si,15.108637809753418,Shallow
2025-09-16,41.180023193359375,si,15.312047004699707,Shallow
2025-09-16,47.21189498901367,si,15.534802436828613,Shallow
2025-09-16,53.85063552856445,si,15.781904220581055,Upper Ocean
2025-09-16,61.11283874511719,si,16.07293701171875,Upper Ocean
2025-09-16,69.02168273925781,si,16.40863037109375,Upper Ocean
2025-09-16,77.61116027832031,si,16.77391815185547,Upper Ocean
2025-09-16,86.92942810058594,si,17.173053741455078,Upper Ocean
2025-09-16,97.04131317138672,si,17.606861114501953,Upper Ocean
2025-09-16,108.03028106689453,si,18.03935432434082,Upper Ocean
2025-09-16,120.0,si,18.51647186279297,Upper Ocean
2025-09-16,133.07582092285156,si,19.031715393066406,Upper Ocean
2025-09-16,147.40625,si,19.607105255126953,Upper Ocean
2025-09-16,163.16445922851562,si,20.26783561706543,Upper Ocean
2025-09-16,180.5499267578125,si,21.0377140045166,Upper Ocean
2025-09-16,199.7899627685547,si,21.911014556884766,Upper Ocean
2025-09-16,221.14117431640625,si,22.908430099487305,Intermediate
2025-09-16,244.890625,si,24.068134307861328,Intermediate
2025-09-16,271.35638427734375,si,25.409517288208008,Intermediate
2025-09-16,300.88751220703125,si,26.949934005737305,Intermediate
2025-09-16,333.8628234863281,si,28.711071014404297,Intermediate
2025-09-16,370.6884765625,si,30.697669982910156,Intermediate
2025-09-16,411.7938537597656,si,32.95289611816406,Intermediate
2025-09-16,457.6256103515625,si,35.50775909423828,Intermediate
2025-09-16,508.639892578125,si,38.38850784301758,Intermediate
2025-09-16,565.2922973632812,si,41.62519836425781,Intermediate
2025-09-16,628.0260009765625,si,45.23126983642578,Intermediate
2025-09-16,697.2586669921875,si,49.197547912597656,Intermediate
2025-09-16,773.3682861328125,si,53.487918853759766,Intermediate
2025-09-16,856.678955078125,si,58.04177474975586,Intermediate
2025-09-16,947.4478759765625,si,62.744956970214844,Intermediate
2025-09-16,1045.854248046875,si,67.48370361328125,Deep Ocean
2025-09-16,1151.9912109375,si,72.14608764648438,Deep Ocean
2025-09-16,1265.8614501953125,si,76.6030502319336,Deep Ocean
2025-09-16,1387.376953125,si,80.75593566894531,Deep Ocean
2025-09-16,1516.3636474609375,si,84.58525848388672,Deep Ocean
2025-09-16,1652.5684814453125,si,88.0475082397461,Deep Ocean
2025-09-16,1795.6707763671875,si,91.12970733642578,Deep Ocean
2025-09-16,1945.2955322265625,si,93.88650512695312,Deep Ocean
2025-09-16,2101.026611328125,si,96.37328338623047,Deep Ocean
2025-09-16,2262.421630859375,si,98.64230346679688,Deep Ocean
2025-09-16,2429.025146484375,si,100.74646759033203,Deep Ocean
2025-09-16,2600.38037109375,si,102.76309967041016,Deep Ocean
2025-09-16,2776.039306640625,si,104.68359375,Deep Ocean
2025-09-16,2955.5703125,si,106.5159912109375,Deep Ocean
2025-09-16,3138.56494140625,si,108.1906509399414,Deep Ocean
2025-09-16,3324.640869140625,si,109.88497924804688,Deep Ocean
2025-09-16,3513.445556640625,si,111.40768432617188,Deep Ocean
2025-09-16,3704.65673828125,si,113.1679458618164,Deep Ocean
2025-09-16,3897.98193359375,si,115.19898223876953,Deep Ocean
2025-09-16,4093.15869140625,si,116.6764907836914,Abyssal
2025-09-16,4289.95263671875,si,119.75919342041016,Abyssal
2025-09-16,4488.15478515625,si,121.65376281738281,Abyssal
2025-09-16,4687.5810546875,si,122.50506591796875,Abyssal
2025-09-16,4888.06982421875,si,123.81210327148438,Abyssal
2025-09-16,5089.478515625,si,125.60543823242188,Abyssal
2025-09-16,5291.68310546875,si,127.25914764404297,Abyssal
2025-09-16,5494.5751953125,si,130.97576904296875,Abyssal
2025-09-16,5698.060546875,si,134.00462341308594,Abyssal
